{
  "clean_avg_dice": 0.8976638389173639,
  "quantized_avg_dice": 0.8953449646708871
}