{
  "case_id": "ABD_030",
  "prediction_path": "/home/r/reeshav/MedNeXt/inference/predictions_single/ABD_030.nii.gz",
  "ground_truth_path": "/data/reeshav/MedNeXt_dataset/Abdomen/nnUNet_raw_data/Task017_AbdominalOrganSegmentation/labelsTr/ABD_030.nii.gz",
  "metrics_per_label": {
    "0": {
      "Accuracy": 0.9982586591671675,
      "Dice": 0.9990987191776266,
      "False Discovery Rate": 0.0009059139437643804,
      "False Negative Rate": 0.0008966476580116733,
      "False Omission Rate": 0.025507141515727236,
      "False Positive Rate": 0.02576418308603501,
      "Jaccard": 0.9981990615065796,
      "Negative Predictive Value": 0.9744928584842728,
      "Precision": 0.9990940860562356,
      "Recall": 0.9991033523419883,
      "Total Positives Reference": 49381716,
      "Total Positives Test": 49382174,
      "True Negative Rate": 0.974235816913965
    },
    "1": {
      "Accuracy": 0.9999115772736378,
      "Dice": 0.973399559798025,
      "False Discovery Rate": 0.028361628385126014,
      "False Negative Rate": 0.024832855778414542,
      "False Omission Rate": 4.1267443504409355e-05,
      "False Positive Rate": 4.730247264372878e-05,
      "Jaccard": 0.9481776177755357,
      "Negative Predictive Value": 0.9999587325564956,
      "Precision": 0.971638371614874,
      "Recall": 0.9751671442215855,
      "Total Positives Reference": 84807,
      "Total Positives Test": 85115,
      "True Negative Rate": 0.9999526975273563
    },
    "2": {
      "Accuracy": 0.9998766972468449,
      "Dice": 0.9676448998239283,
      "False Discovery Rate": 0.037164163857390964,
      "False Negative Rate": 0.027497755811673907,
      "False Omission Rate": 5.223422335353906e-05,
      "False Positive Rate": 7.13037450753573e-05,
      "Jaccard": 0.9373178857341753,
      "Negative Predictive Value": 0.9999477657766465,
      "Precision": 0.962835836142609,
      "Recall": 0.9725022441883261,
      "Total Positives Reference": 96917,
      "Total Positives Test": 97890,
      "True Negative Rate": 0.9999286962549246
    },
    "3": {
      "Accuracy": 0.9998790251903045,
      "Dice": 0.9692738818058053,
      "False Discovery Rate": 0.028283089920101978,
      "False Negative Rate": 0.03315689306530267,
      "False Omission Rate": 6.556547764538669e-05,
      "False Positive Rate": 5.564790350298665e-05,
      "Jaccard": 0.9403796650694639,
      "Negative Predictive Value": 0.9999344345223546,
      "Precision": 0.971716910079898,
      "Recall": 0.9668431069346973,
      "Total Positives Reference": 100884,
      "Total Positives Test": 100378,
      "True Negative Rate": 0.999944352096497
    },
    "4": {
      "Accuracy": 0.9999914120405148,
      "Dice": 0.924505588993981,
      "False Discovery Rate": 0.0643926209537069,
      "False Negative Rate": 0.0863358259687288,
      "False Omission Rate": 4.969167003471198e-06,
      "False Positive Rate": 3.619280065314534e-06,
      "Jaccard": 0.8596098496961945,
      "Negative Predictive Value": 0.9999950308329966,
      "Precision": 0.9356073790462931,
      "Recall": 0.9136641740312712,
      "Total Positives Reference": 2942,
      "Total Positives Test": 2873,
      "True Negative Rate": 0.9999963807199347
    },
    "5": {
      "Accuracy": 0.9999347002078325,
      "Dice": 0.8938092511293504,
      "False Discovery Rate": 0.12029557267205215,
      "False Negative Rate": 0.09162625282896864,
      "False Omission Rate": 2.7728795783015696e-05,
      "False Positive Rate": 3.7591031300410194e-05,
      "Jaccard": 0.8080064419647993,
      "Negative Predictive Value": 0.999972271204217,
      "Precision": 0.8797044273279478,
      "Recall": 0.9083737471710314,
      "Total Positives Reference": 15465,
      "Total Positives Test": 15969,
      "True Negative Rate": 0.9999624089686996
    },
    "6": {
      "Accuracy": 0.999359130859375,
      "Dice": 0.9798607712906565,
      "False Discovery Rate": 0.017454963285152836,
      "False Negative Rate": 0.02280886752660749,
      "False Omission Rate": 0.0003697698791761713,
      "False Positive Rate": 0.0002814570721307863,
      "Jaccard": 0.9605167056759043,
      "Negative Predictive Value": 0.9996302301208239,
      "Precision": 0.9825450367148472,
      "Recall": 0.9771911324733925,
      "Total Positives Reference": 815560,
      "Total Positives Test": 811116,
      "True Negative Rate": 0.9997185429278692
    },
    "7": {
      "Accuracy": 0.9996114486303085,
      "Dice": 0.9758929980216285,
      "False Discovery Rate": 0.023936409125892566,
      "False Negative Rate": 0.024277535210071144,
      "False Omission Rate": 0.00019727371784557222,
      "False Positive Rate": 0.00019443438044763894,
      "Jaccard": 0.9529209312468297,
      "Negative Predictive Value": 0.9998027262821544,
      "Precision": 0.9760635908741074,
      "Recall": 0.9757224647899289,
      "Total Positives Reference": 412027,
      "Total Positives Test": 411883,
      "True Negative Rate": 0.9998055656195524
    },
    "8": {
      "Accuracy": 0.9997908763396435,
      "Dice": 0.9464009947654479,
      "False Discovery Rate": 0.06095340437598873,
      "False Negative Rate": 0.04612850082372322,
      "False Omission Rate": 8.945936417168537e-05,
      "False Positive Rate": 0.00012007258687762867,
      "Jaccard": 0.8982553989359171,
      "Negative Predictive Value": 0.9999105406358283,
      "Precision": 0.9390465956240113,
      "Recall": 0.9538714991762768,
      "Total Positives Reference": 98941,
      "Total Positives Test": 100503,
      "True Negative Rate": 0.9998799274131224
    },
    "9": {
      "Accuracy": 0.9998935797275641,
      "Dice": 0.9251760563380281,
      "False Discovery Rate": 0.08715359769834163,
      "False Negative Rate": 0.06215666043891688,
      "False Omission Rate": 4.363637474166884e-05,
      "False Positive Rate": 6.285944625861184e-05,
      "Jaccard": 0.8607698607698607,
      "Negative Predictive Value": 0.9999563636252583,
      "Precision": 0.9128464023016584,
      "Recall": 0.9378433395610831,
      "Total Positives Reference": 35861,
      "Total Positives Test": 36843,
      "True Negative Rate": 0.9999371405537414
    },
    "10": {
      "Accuracy": 0.9999443641075721,
      "Dice": 0.9047810365608678,
      "False Discovery Rate": 0.10087836039393128,
      "False Negative Rate": 0.08948787061994612,
      "False Omission Rate": 2.5986706234296926e-05,
      "False Positive Rate": 2.9665438042725256e-05,
      "Jaccard": 0.826118855465884,
      "Negative Predictive Value": 0.9999740132937657,
      "Precision": 0.8991216396060687,
      "Recall": 0.9105121293800539,
      "Total Positives Reference": 14840,
      "Total Positives Test": 15028,
      "True Negative Rate": 0.9999703345619573
    },
    "11": {
      "Accuracy": 0.9998695764786157,
      "Dice": 0.9377410468319559,
      "False Discovery Rate": 0.06314257458996508,
      "False Negative Rate": 0.06137366335152916,
      "False Omission Rate": 6.429125587808216e-05,
      "False Positive Rate": 6.626901601558544e-05,
      "Jaccard": 0.8827800829875518,
      "Negative Predictive Value": 0.999935708744122,
      "Precision": 0.9368574254100349,
      "Recall": 0.9386263366484708,
      "Total Positives Reference": 53492,
      "Total Positives Test": 53593,
      "True Negative Rate": 0.9999337309839844
    },
    "12": {
      "Accuracy": 0.9999916272285657,
      "Dice": 0.8304278922345484,
      "False Discovery Rate": 0.19938884644766997,
      "False Negative Rate": 0.13744855967078184,
      "False Omission Rate": 3.2670295234415336e-06,
      "False Positive Rate": 5.105946931593941e-06,
      "Jaccard": 0.7100271002710027,
      "Negative Predictive Value": 0.9999967329704765,
      "Precision": 0.80061115355233,
      "Recall": 0.8625514403292182,
      "Total Positives Reference": 1215,
      "Total Positives Test": 1309,
      "True Negative Rate": 0.9999948940530684
    },
    "13": {
      "Accuracy": 0.9999852302746896,